Time,dni_target,dni_predict
2021-04-25 09:10:00,291.18,204.94
2021-04-25 09:15:00,398.48,266.15
2021-04-25 09:20:00,528.64,313.21
2021-04-25 09:25:00,599.07,412.18
2021-04-25 09:30:00,632.52,403.63
2021-04-25 09:35:00,586.99,430.58
2021-04-25 09:40:00,563.72,435.79
2021-04-25 09:45:00,304.6,440.16
2021-04-25 09:50:00,401.92,346.91
2021-04-25 09:55:00,465.22,289.1
2021-04-25 10:00:00,442.8,317.99
2021-04-25 10:05:00,504.75,394.93
2021-04-25 10:10:00,530.02,314.07
2021-04-25 10:15:00,518.49,480.8
2021-04-25 10:20:00,198.19,431.14
2021-04-25 10:25:00,102.25,124.36
2021-04-25 10:30:00,513.05,8.87
2021-04-25 10:35:00,78.64,319.01
2021-04-25 10:40:00,78.13,-96.41
2021-04-25 10:45:00,54.69,-82.91
2021-04-25 10:50:00,23.93,19.21
2021-04-25 10:55:00,21.64,-7.06
2021-04-25 11:00:00,1.08,-166.67
2021-04-25 11:05:00,1.07,-98.85
2021-04-25 11:10:00,1.07,-120.45
2021-04-25 11:15:00,1.06,-171.61
2021-04-25 11:20:00,79.61,-142.68
2021-04-25 11:25:00,5.29,-26.96
2021-04-25 11:30:00,92.97,-48.97
2021-04-25 11:35:00,1.05,-24.14
2021-04-25 11:40:00,1.05,-65.63
2021-04-25 11:45:00,1.05,-16.36
2021-04-25 11:50:00,15.78,-52.23
2021-04-25 11:55:00,13.67,-137.87
2021-04-25 12:00:00,3.16,-25.73
2021-04-25 12:05:00,1.05,-51.8
2021-04-25 12:10:00,21.08,-172.77
2021-04-25 12:15:00,77.08,-75.1
2021-04-25 12:20:00,449.65,-49.07
2021-04-25 12:25:00,388.18,79.42
2021-04-25 12:30:00,28.72,100.12
2021-04-25 12:35:00,16.01,24.4
2021-04-25 12:40:00,15.0,116.15
2021-04-25 12:45:00,1.08,83.38
2021-04-25 12:50:00,1.08,192.12
2021-04-25 12:55:00,1.09,115.54
2021-04-25 13:00:00,155.05,201.37
2021-04-25 13:05:00,2.2,89.23
2021-04-25 13:10:00,3.32,0.4
2021-04-25 13:15:00,11.13,58.06
2021-04-25 13:20:00,2.24,69.5
2021-04-25 13:25:00,30.51,-2.08
2021-04-25 13:30:00,14.81,-102.66
2021-04-25 13:35:00,3.45,-65.08
2021-04-25 13:40:00,2.32,123.07
2021-04-25 13:45:00,0.0,16.61
2021-04-25 13:50:00,466.13,-204.95
2021-04-25 13:55:00,32.29,-48.71
2021-04-25 14:00:00,44.75,41.44
2021-04-25 14:05:00,0.0,-10.88
2021-04-25 14:10:00,1.24,61.99
2021-04-25 14:15:00,2.51,118.16
2021-04-25 14:20:00,1.27,39.58
2021-04-25 14:25:00,2.58,-25.51
2021-04-25 14:30:00,2.62,47.02
2021-04-25 14:35:00,2.66,29.28
2021-04-25 14:40:00,2.7,22.87
2021-04-25 14:45:00,1.37,70.21
2021-04-25 14:50:00,1.4,6.83
2021-04-25 14:55:00,2.85,38.9
2021-04-25 15:00:00,1.45,115.16
2021-04-25 15:05:00,2.96,194.52
2021-04-25 15:10:00,3.02,42.86
2021-04-25 15:15:00,1.54,16.7
2021-04-25 15:20:00,3.15,1.66
2021-04-25 15:25:00,1.61,-35.09
2021-04-25 15:30:00,3.3,16.39
2021-04-25 15:35:00,3.38,45.95
2021-04-25 15:40:00,1.74,49.97
2021-04-25 15:45:00,3.57,71.54
2021-04-25 15:50:00,1.83,-62.9
2021-04-25 15:55:00,1.89,2.18
2021-04-25 16:00:00,1.95,26.66
2021-04-25 16:05:00,18.08,-57.27
2021-04-25 16:10:00,91.35,-45.52
2021-04-25 16:15:00,184.84,-16.2
2021-04-25 16:20:00,254.07,44.57
2021-04-25 16:25:00,30.09,25.75
2021-04-25 16:30:00,12.04,109.91
2021-04-25 16:35:00,318.98,-23.35
2021-04-25 16:40:00,194.21,135.44
2021-04-25 16:45:00,5.5,-81.93
2021-04-25 16:50:00,5.77,-38.15
2021-04-25 16:55:00,54.72,-114.73
2021-04-25 17:00:00,19.27,-31.6
2021-04-25 17:05:00,10.21,-101.6
2021-04-25 17:10:00,3.62,-13.48
2021-04-25 17:15:00,15.49,4.42
2021-04-25 17:20:00,4.16,-81.67
2021-04-25 17:25:00,8.99,45.56
2021-04-25 17:30:00,9.77,14.13
2021-05-09 09:10:00,508.86,592.14
2021-05-09 09:15:00,521.82,622.47
2021-05-09 09:20:00,570.93,575.82
2021-05-09 09:25:00,569.5,615.66
2021-05-09 09:30:00,570.77,597.49
2021-05-09 09:35:00,566.2,600.87
2021-05-09 09:40:00,573.87,596.03
2021-05-09 09:45:00,576.87,622.73
2021-05-09 09:50:00,599.82,617.27
2021-05-09 09:55:00,593.71,597.82
2021-05-09 10:00:00,599.37,556.49
2021-05-09 10:05:00,556.51,599.04
2021-05-09 10:10:00,578.55,585.63
2021-05-09 10:15:00,578.2,604.78
2021-05-09 10:20:00,599.05,616.51
2021-05-09 10:25:00,584.76,640.03
2021-05-09 10:30:00,570.92,615.85
2021-05-09 10:35:00,545.59,548.99
2021-05-09 10:40:00,557.32,615.99
2021-05-09 10:45:00,571.25,600.72
2021-05-09 10:50:00,555.53,563.2
2021-05-09 10:55:00,580.34,584.39
2021-05-09 11:00:00,577.8,547.16
2021-05-09 11:05:00,578.65,537.95
2021-05-09 11:10:00,601.66,568.73
2021-05-09 11:15:00,626.84,599.94
2021-05-09 11:20:00,517.13,588.51
2021-05-09 11:25:00,503.49,475.06
2021-05-09 11:30:00,505.61,499.29
2021-05-09 11:35:00,457.35,438.36
2021-05-09 11:40:00,454.77,422.52
2021-05-09 11:45:00,512.14,471.08
2021-05-09 11:50:00,508.88,452.3
2021-05-09 11:55:00,515.09,531.84
2021-05-09 12:00:00,560.68,539.36
2021-05-09 12:05:00,550.85,546.81
2021-05-09 12:10:00,563.95,506.86
2021-05-09 12:15:00,510.05,502.12
2021-05-09 12:20:00,522.51,499.85
2021-05-09 12:25:00,609.03,405.16
2021-05-09 12:30:00,609.75,573.82
2021-05-09 12:35:00,559.47,596.32
2021-05-09 12:40:00,601.43,481.7
2021-05-09 12:45:00,601.8,552.38
2021-05-09 12:50:00,552.65,531.65
2021-05-09 12:55:00,524.54,521.45
2021-05-09 13:00:00,496.35,527.11
2021-05-09 13:05:00,236.71,431.1
2021-05-09 13:10:00,447.14,403.95
2021-05-09 13:15:00,531.87,503.33
2021-05-09 13:20:00,533.48,480.45
2021-05-09 13:25:00,435.77,537.15
2021-05-09 13:30:00,459.35,450.72
2021-05-09 13:35:00,474.5,520.89
2021-05-09 13:40:00,441.33,547.14
2021-05-09 13:45:00,472.99,537.04
2021-05-09 13:50:00,533.22,491.51
2021-05-09 13:55:00,551.65,577.59
2021-05-09 14:00:00,534.06,492.94
2021-05-09 14:05:00,561.7,703.14
2021-05-09 14:10:00,549.1,611.49
2021-05-09 14:15:00,533.94,515.16
2021-05-09 14:20:00,542.18,499.79
2021-05-09 14:25:00,487.97,581.42
2021-05-09 14:30:00,471.96,528.46
2021-05-09 14:35:00,471.2,565.67
2021-05-09 14:40:00,466.66,514.22
2021-05-09 14:45:00,394.03,493.65
2021-05-09 14:50:00,90.99,413.27
2021-05-09 14:55:00,442.16,249.58
2021-05-09 15:00:00,413.59,351.94
2021-05-09 15:05:00,14.33,316.01
2021-05-09 15:10:00,8.77,407.52
2021-05-09 15:15:00,429.44,343.99
2021-05-09 15:20:00,366.96,363.92
2021-05-09 15:25:00,348.58,316.07
2021-05-09 15:30:00,369.28,324.64
2021-05-09 15:35:00,366.65,313.5
2021-05-09 15:40:00,337.31,224.58
2021-05-09 15:45:00,330.57,227.59
2021-05-09 15:50:00,295.45,328.53
2021-05-09 15:55:00,296.45,242.79
2021-05-09 16:00:00,279.01,241.95
2021-05-09 16:05:00,318.11,188.36
2021-05-09 16:10:00,286.63,283.02
2021-05-09 16:15:00,294.03,296.31
2021-05-09 16:20:00,272.45,307.15
2021-05-09 16:25:00,264.74,248.69
2021-05-09 16:30:00,247.46,359.62
2021-05-09 16:35:00,224.17,357.54
2021-05-09 16:40:00,233.44,381.21
2021-05-09 16:45:00,210.25,411.79
2021-05-09 16:50:00,206.46,424.36
2021-05-09 16:55:00,179.87,261.11
2021-05-09 17:00:00,165.4,328.31
2021-05-09 17:05:00,158.76,298.08
2021-05-09 17:10:00,144.81,233.52
2021-05-09 17:15:00,139.67,295.9
2021-05-09 17:20:00,137.61,229.97
2021-05-09 17:25:00,135.29,201.92
2021-05-09 17:30:00,124.08,186.14
2021-05-20 09:10:00,2.53,-94.76
2021-05-20 09:15:00,19.99,-12.64
2021-05-20 09:20:00,1.23,-31.65
2021-05-20 09:25:00,1.22,16.7
2021-05-20 09:30:00,2.4,-22.22
2021-05-20 09:35:00,289.76,50.65
2021-05-20 09:40:00,2.35,160.68
2021-05-20 09:45:00,5.81,48.16
2021-05-20 09:50:00,2.3,33.44
2021-05-20 09:55:00,13.65,-78.36
2021-05-20 10:00:00,1.13,58.76
2021-05-20 10:05:00,1.12,29.61
2021-05-20 10:10:00,1.11,-12.13
2021-05-20 10:15:00,2.2,-153.11
2021-05-20 10:20:00,1.09,-31.06
2021-05-20 10:25:00,2.16,21.74
2021-05-20 10:30:00,1.08,-20.69
2021-05-20 10:35:00,2.14,38.31
2021-05-20 10:40:00,0.0,8.6
2021-05-20 10:45:00,1.06,55.54
2021-05-20 10:50:00,10.51,43.73
2021-05-20 10:55:00,4.18,67.61
2021-05-20 11:00:00,2.08,-61.99
2021-05-20 11:05:00,0.0,23.66
2021-05-20 11:10:00,1.03,75.72
2021-05-20 11:15:00,2.06,6.53
2021-05-20 11:20:00,1.03,-34.19
2021-05-20 11:25:00,1.03,-15.86
2021-05-20 11:30:00,2.05,18.47
2021-05-20 11:35:00,1.02,28.67
2021-05-20 11:40:00,1.02,26.51
2021-05-20 11:45:00,1.02,43.49
2021-05-20 11:50:00,1.02,47.74
2021-05-20 11:55:00,7.14,-165.18
2021-05-20 12:00:00,11.22,-184.37
2021-05-20 12:05:00,1.02,27.61
2021-05-20 12:10:00,10.22,-82.88
2021-05-20 12:15:00,24.58,-48.09
2021-05-20 12:20:00,3.08,53.35
2021-05-20 12:25:00,2.06,-1.77
2021-05-20 12:30:00,1.03,-11.21
2021-05-20 12:35:00,2.07,25.63
2021-05-20 12:40:00,1.04,0.83
2021-05-20 12:45:00,1.04,41.09
2021-05-20 12:50:00,1.05,-7.55
2021-05-20 12:55:00,1.05,43.6
2021-05-20 13:00:00,1.06,5.02
2021-05-20 13:05:00,2.13,37.48
2021-05-20 13:10:00,3.21,0.81
2021-05-20 13:15:00,1.08,19.9
2021-05-20 13:20:00,2.17,31.21
2021-05-20 13:25:00,1.09,21.58
2021-05-20 13:30:00,2.2,19.94
2021-05-20 13:35:00,2.22,40.39
2021-05-20 13:40:00,1.12,14.54
2021-05-20 13:45:00,2.26,-13.32
2021-05-20 13:50:00,2.28,85.28
2021-05-20 13:55:00,1.15,86.84
2021-05-20 14:00:00,2.33,8.63
2021-05-20 14:05:00,3.53,5.01
2021-05-20 14:10:00,4.77,-54.55
2021-05-20 14:15:00,3.62,-0.31
2021-05-20 14:20:00,4.89,-16.22
2021-05-20 14:25:00,2.48,-9.2
2021-05-20 14:30:00,1.25,-12.63
2021-05-20 14:35:00,2.55,-12.32
2021-05-20 14:40:00,3.88,-63.6
2021-05-20 14:45:00,1.31,-8.97
2021-05-20 14:50:00,1.33,20.99
2021-05-20 14:55:00,2.71,62.47
2021-05-20 15:00:00,2.76,-26.11
2021-05-20 15:05:00,2.81,57.41
2021-05-20 15:10:00,2.86,53.87
2021-05-20 15:15:00,1.46,-64.33
2021-05-20 15:20:00,0.0,39.52
2021-05-20 15:25:00,0.0,24.96
2021-05-20 15:30:00,1.55,61.03
2021-05-20 15:35:00,1.59,69.69
2021-05-20 15:40:00,0.0,35.01
2021-05-20 15:45:00,3.33,34.44
2021-05-20 15:50:00,1.71,36.72
2021-05-20 15:55:00,1.76,38.49
2021-05-20 16:00:00,0.0,81.44
2021-05-20 16:05:00,0.0,60.16
2021-05-20 16:10:00,1.91,19.88
2021-05-20 16:15:00,1.97,90.12
2021-05-20 16:20:00,2.04,65.94
2021-05-20 16:25:00,2.1,36.21
2021-05-20 16:30:00,2.18,126.53
2021-05-20 16:35:00,2.26,92.88
2021-05-20 16:40:00,4.7,70.68
2021-05-20 16:45:00,4.89,48.46
2021-05-20 16:50:00,5.1,22.05
2021-05-20 16:55:00,5.33,137.63
2021-05-20 17:00:00,22.32,22.57
2021-05-20 17:05:00,5.86,-73.05
2021-05-20 17:10:00,3.08,-1.25
2021-05-20 17:15:00,3.26,170.07
2021-05-20 17:20:00,0.0,134.8
2021-05-20 17:25:00,7.34,32.61
2021-05-20 17:30:00,3.92,80.21
2021-05-22 09:10:00,724.78,619.11
2021-05-22 09:15:00,683.48,605.8
2021-05-22 09:20:00,758.0,565.6
2021-05-22 09:25:00,283.02,698.15
2021-05-22 09:30:00,674.23,619.06
2021-05-22 09:35:00,739.75,610.91
2021-05-22 09:40:00,546.19,646.76
2021-05-22 09:45:00,322.31,740.07
2021-05-22 09:50:00,639.1,622.49
2021-05-22 09:55:00,218.12,645.43
2021-05-22 10:00:00,489.54,653.84
2021-05-22 10:05:00,451.7,768.28
2021-05-22 10:10:00,717.69,760.74
2021-05-22 10:15:00,742.63,732.84
2021-05-22 10:20:00,771.81,825.59
2021-05-22 10:25:00,773.84,848.8
2021-05-22 10:30:00,784.72,847.3
2021-05-22 10:35:00,803.23,835.57
2021-05-22 10:40:00,796.37,920.68
2021-05-22 10:45:00,796.22,839.47
2021-05-22 10:50:00,807.91,827.37
2021-05-22 10:55:00,827.11,885.39
2021-05-22 11:00:00,818.38,896.19
2021-05-22 11:05:00,814.18,889.33
2021-05-22 11:10:00,808.26,872.77
2021-05-22 11:15:00,805.78,823.97
2021-05-22 11:20:00,802.6,870.47
2021-05-22 11:25:00,751.61,872.53
2021-05-22 11:30:00,189.08,853.74
2021-05-22 11:35:00,452.09,603.27
2021-05-22 11:40:00,777.79,652.23
2021-05-22 11:45:00,708.97,761.26
2021-05-22 11:50:00,772.89,702.45
2021-05-22 11:55:00,770.89,763.25
2021-05-22 12:00:00,769.19,866.35
2021-05-22 12:05:00,30.59,924.1
2021-05-22 12:10:00,747.28,386.68
2021-05-22 12:15:00,777.11,846.43
2021-05-22 12:20:00,776.61,839.17
2021-05-22 12:25:00,796.95,845.84
2021-05-22 12:30:00,770.34,846.12
2021-05-22 12:35:00,788.28,777.84
2021-05-22 12:40:00,796.29,859.25
2021-05-22 12:45:00,789.05,827.9
2021-05-22 12:50:00,760.1,817.75
2021-05-22 12:55:00,769.0,749.84
2021-05-22 13:00:00,744.49,825.23
2021-05-22 13:05:00,785.85,753.31
2021-05-22 13:10:00,773.5,859.03
2021-05-22 13:15:00,772.06,786.89
2021-05-22 13:20:00,761.14,834.2
2021-05-22 13:25:00,752.55,839.16
2021-05-22 13:30:00,728.72,771.4
2021-05-22 13:35:00,723.63,832.93
2021-05-22 13:40:00,734.38,847.42
2021-05-22 13:45:00,741.1,789.45
2021-05-22 13:50:00,749.36,764.87
2021-05-22 13:55:00,739.66,736.25
2021-05-22 14:00:00,742.83,800.15
2021-05-22 14:05:00,695.82,774.29
2021-05-22 14:10:00,752.62,717.2
2021-05-22 14:15:00,725.62,770.38
2021-05-22 14:20:00,761.59,753.25
2021-05-22 14:25:00,769.15,766.4
2021-05-22 14:30:00,744.66,678.86
2021-05-22 14:35:00,748.95,708.95
2021-05-22 14:40:00,744.63,699.57
2021-05-22 14:45:00,748.3,710.08
2021-05-22 14:50:00,744.39,702.89
2021-05-22 14:55:00,741.97,627.77
2021-05-22 15:00:00,735.61,719.79
2021-05-22 15:05:00,736.3,657.77
2021-05-22 15:10:00,730.14,632.28
2021-05-22 15:15:00,734.19,612.68
2021-05-22 15:20:00,732.72,602.74
2021-05-22 15:25:00,702.68,624.41
2021-05-22 15:30:00,685.52,571.92
2021-05-22 15:35:00,669.4,602.86
2021-05-22 15:40:00,644.67,624.94
2021-05-22 15:45:00,613.97,562.54
2021-05-22 15:50:00,612.56,544.75
2021-05-22 15:55:00,583.34,551.55
2021-05-22 16:00:00,561.69,578.36
2021-05-22 16:05:00,542.68,616.2
2021-05-22 16:10:00,566.44,591.56
2021-05-22 16:15:00,576.17,675.48
2021-05-22 16:20:00,536.13,627.86
2021-05-22 16:25:00,560.49,624.82
2021-05-22 16:30:00,530.43,623.22
2021-05-22 16:35:00,534.25,654.24
2021-05-22 16:40:00,522.19,645.46
2021-05-22 16:45:00,511.73,527.24
2021-05-22 16:50:00,500.53,594.59
2021-05-22 16:55:00,501.67,533.81
2021-05-22 17:00:00,467.11,531.49
2021-05-22 17:05:00,458.25,527.8
2021-05-22 17:10:00,424.17,501.0
2021-05-22 17:15:00,402.52,488.59
2021-05-22 17:20:00,385.23,401.96
2021-05-22 17:25:00,354.97,399.99
2021-05-22 17:30:00,343.91,376.85
2021-05-30 09:10:00,351.08,689.5
2021-05-30 09:15:00,689.98,747.9
2021-05-30 09:20:00,713.89,776.65
2021-05-30 09:25:00,701.16,753.23
2021-05-30 09:30:00,718.85,765.43
2021-05-30 09:35:00,679.74,808.7
2021-05-30 09:40:00,719.95,720.81
2021-05-30 09:45:00,694.9,732.05
2021-05-30 09:50:00,342.74,717.58
2021-05-30 09:55:00,531.69,545.44
2021-05-30 10:00:00,679.14,556.8
2021-05-30 10:05:00,668.66,639.24
2021-05-30 10:10:00,691.65,620.11
2021-05-30 10:15:00,694.85,593.18
2021-05-30 10:20:00,611.53,670.73
2021-05-30 10:25:00,584.55,592.51
2021-05-30 10:30:00,529.3,637.63
2021-05-30 10:35:00,695.97,552.59
2021-05-30 10:40:00,661.23,440.09
2021-05-30 10:45:00,655.51,437.15
2021-05-30 10:50:00,636.5,543.19
2021-05-30 10:55:00,636.65,480.26
2021-05-30 11:00:00,652.57,483.17
2021-05-30 11:05:00,589.16,380.4
2021-05-30 11:10:00,662.17,400.93
2021-05-30 11:15:00,662.17,414.04
2021-05-30 11:20:00,567.35,407.91
2021-05-30 11:25:00,624.17,465.04
2021-05-30 11:30:00,603.62,432.08
2021-05-30 11:35:00,580.32,447.46
2021-05-30 11:40:00,577.62,397.38
2021-05-30 11:45:00,589.34,448.49
2021-05-30 11:50:00,614.45,414.09
2021-05-30 11:55:00,641.82,405.7
2021-05-30 12:00:00,75.06,552.11
2021-05-30 12:05:00,46.69,316.48
2021-05-30 12:10:00,599.56,321.3
2021-05-30 12:15:00,619.81,371.12
2021-05-30 12:20:00,639.34,385.43
2021-05-30 12:25:00,173.74,484.04
2021-05-30 12:30:00,119.9,448.69
2021-05-30 12:35:00,632.16,428.67
2021-05-30 12:40:00,581.74,451.38
2021-05-30 12:45:00,141.86,501.19
2021-05-30 12:50:00,244.36,385.11
2021-05-30 12:55:00,617.42,593.21
2021-05-30 13:00:00,661.49,485.89
2021-05-30 13:05:00,648.22,511.13
2021-05-30 13:10:00,583.01,565.88
2021-05-30 13:15:00,533.25,462.54
2021-05-30 13:20:00,480.9,431.94
2021-05-30 13:25:00,167.95,395.35
2021-05-30 13:30:00,387.57,333.13
2021-05-30 13:35:00,105.65,287.48
2021-05-30 13:40:00,258.59,298.25
2021-05-30 13:45:00,521.8,340.27
2021-05-30 13:50:00,519.91,261.55
2021-05-30 13:55:00,587.81,352.59
2021-05-30 14:00:00,565.06,430.16
2021-05-30 14:05:00,570.0,459.71
2021-05-30 14:10:00,480.96,464.84
2021-05-30 14:15:00,510.5,442.17
2021-05-30 14:20:00,560.26,429.05
2021-05-30 14:25:00,543.0,460.71
2021-05-30 14:30:00,392.88,612.13
2021-05-30 14:35:00,361.92,487.76
2021-05-30 14:40:00,373.55,378.55
2021-05-30 14:45:00,494.37,459.53
2021-05-30 14:50:00,488.99,344.34
2021-05-30 14:55:00,440.86,335.75
2021-05-30 15:00:00,498.6,312.01
2021-05-30 15:05:00,134.1,208.51
2021-05-30 15:10:00,463.16,478.98
2021-05-30 15:15:00,364.36,475.29
2021-05-30 15:20:00,386.17,504.69
2021-05-30 15:25:00,346.3,388.57
2021-05-30 15:30:00,405.49,466.08
2021-05-30 15:35:00,380.15,301.14
2021-05-30 15:40:00,376.1,448.52
2021-05-30 15:45:00,362.2,345.94
2021-05-30 15:50:00,334.36,447.99
2021-05-30 15:55:00,358.37,463.42
2021-05-30 16:00:00,338.0,540.59
2021-05-30 16:05:00,338.32,454.9
2021-05-30 16:10:00,161.94,382.27
2021-05-30 16:15:00,247.33,271.92
2021-05-30 16:20:00,278.78,259.56
2021-05-30 16:25:00,300.11,448.3
2021-05-30 16:30:00,215.32,343.62
2021-05-30 16:35:00,253.56,328.36
2021-05-30 16:40:00,299.22,356.9
2021-05-30 16:45:00,299.05,304.16
2021-05-30 16:50:00,284.25,327.19
2021-05-30 16:55:00,137.96,369.37
2021-05-30 17:00:00,178.83,289.8
2021-05-30 17:05:00,276.68,191.92
2021-05-30 17:10:00,231.75,282.54
2021-05-30 17:15:00,231.55,198.04
2021-05-30 17:20:00,133.61,101.76
2021-05-30 17:25:00,51.77,138.84
2021-05-30 17:30:00,176.07,288.17
2021-06-21 09:10:00,388.98,248.15
2021-06-21 09:15:00,560.37,353.26
2021-06-21 09:20:00,646.19,313.11
2021-06-21 09:25:00,186.74,396.99
2021-06-21 09:30:00,494.59,285.75
2021-06-21 09:35:00,375.1,282.68
2021-06-21 09:40:00,474.92,183.37
2021-06-21 09:45:00,640.96,453.63
2021-06-21 09:50:00,589.59,420.8
2021-06-21 09:55:00,634.7,313.48
2021-06-21 10:00:00,666.8,511.41
2021-06-21 10:05:00,680.75,549.94
2021-06-21 10:10:00,679.27,699.32
2021-06-21 10:15:00,648.53,697.86
2021-06-21 10:20:00,706.4,725.38
2021-06-21 10:25:00,701.2,691.24
2021-06-21 10:30:00,742.31,877.79
2021-06-21 10:35:00,393.17,759.65
2021-06-21 10:40:00,594.59,660.41
2021-06-21 10:45:00,728.74,738.88
2021-06-21 10:50:00,773.94,555.43
2021-06-21 10:55:00,780.52,518.2
2021-06-21 11:00:00,507.99,583.71
2021-06-21 11:05:00,423.46,539.37
2021-06-21 11:10:00,334.62,417.94
2021-06-21 11:15:00,144.24,388.64
2021-06-21 11:20:00,526.28,408.17
2021-06-21 11:25:00,596.12,615.22
2021-06-21 11:30:00,243.6,545.3
2021-06-21 11:35:00,393.1,281.66
2021-06-21 11:40:00,136.57,520.3
2021-06-21 11:45:00,225.35,246.29
2021-06-21 11:50:00,383.74,490.33
2021-06-21 11:55:00,774.28,512.88
2021-06-21 12:00:00,574.42,591.28
2021-06-21 12:05:00,300.97,579.79
2021-06-21 12:10:00,613.53,488.53
2021-06-21 12:15:00,681.04,505.0
2021-06-21 12:20:00,650.67,605.23
2021-06-21 12:25:00,509.76,717.1
2021-06-21 12:30:00,836.64,695.81
2021-06-21 12:35:00,838.9,841.38
2021-06-21 12:40:00,818.96,853.74
2021-06-21 12:45:00,819.74,815.5
2021-06-21 12:50:00,822.9,780.94
2021-06-21 12:55:00,835.72,673.77
2021-06-21 13:00:00,696.03,647.64
2021-06-21 13:05:00,561.51,597.0
2021-06-21 13:10:00,848.43,568.88
2021-06-21 13:15:00,785.71,709.99
2021-06-21 13:20:00,777.86,769.3
2021-06-21 13:25:00,757.34,811.2
2021-06-21 13:30:00,771.35,856.5
2021-06-21 13:35:00,763.02,770.76
2021-06-21 13:40:00,762.52,812.08
2021-06-21 13:45:00,765.6,830.17
2021-06-21 13:50:00,757.87,857.73
2021-06-21 13:55:00,751.41,846.5
2021-06-21 14:00:00,751.92,823.41
2021-06-21 14:05:00,740.09,815.0
2021-06-21 14:10:00,736.41,793.38
2021-06-21 14:15:00,754.02,741.72
2021-06-21 14:20:00,737.9,755.74
2021-06-21 14:25:00,731.27,716.93
2021-06-21 14:30:00,723.53,762.34
2021-06-21 14:35:00,710.91,719.89
2021-06-21 14:40:00,713.2,729.92
2021-06-21 14:45:00,723.41,731.11
2021-06-21 14:50:00,720.03,708.6
2021-06-21 14:55:00,716.81,638.22
2021-06-21 15:00:00,724.34,651.52
2021-06-21 15:05:00,281.89,586.14
2021-06-21 15:10:00,107.03,487.58
2021-06-21 15:15:00,44.7,394.85
2021-06-21 15:20:00,62.61,285.7
2021-06-21 15:25:00,36.26,241.14
2021-06-21 15:30:00,41.43,312.9
2021-06-21 15:35:00,70.99,274.85
2021-06-21 15:40:00,564.77,321.04
2021-06-21 15:45:00,149.88,277.25
2021-06-21 15:50:00,389.09,319.87
2021-06-21 15:55:00,214.96,432.48
2021-06-21 16:00:00,44.07,397.63
2021-06-21 16:05:00,121.75,131.75
2021-06-21 16:10:00,493.05,294.49
2021-06-21 16:15:00,506.94,408.22
2021-06-21 16:20:00,119.1,578.92
2021-06-21 16:25:00,574.71,484.92
2021-06-21 16:30:00,601.0,517.52
2021-06-21 16:35:00,70.6,590.05
2021-06-21 16:40:00,264.22,748.34
2021-06-21 16:45:00,540.8,652.59
2021-06-21 16:50:00,528.82,715.87
2021-06-21 16:55:00,482.43,634.27
2021-06-21 17:00:00,484.83,562.73
2021-06-21 17:05:00,466.69,526.16
2021-06-21 17:10:00,457.91,479.19
2021-06-21 17:15:00,431.25,552.61
2021-06-21 17:20:00,434.99,562.7
2021-06-21 17:25:00,401.29,538.98
2021-06-21 17:30:00,370.53,478.92
2021-06-25 09:10:00,347.0,511.53
2021-06-25 09:15:00,540.62,505.61
2021-06-25 09:20:00,545.61,547.57
2021-06-25 09:25:00,543.37,542.71
2021-06-25 09:30:00,541.37,586.7
2021-06-25 09:35:00,540.8,447.49
2021-06-25 09:40:00,482.99,437.57
2021-06-25 09:45:00,342.01,478.86
2021-06-25 09:50:00,473.76,461.67
2021-06-25 09:55:00,566.63,521.65
2021-06-25 10:00:00,555.55,580.85
2021-06-25 10:05:00,563.82,603.87
2021-06-25 10:10:00,558.89,596.96
2021-06-25 10:15:00,589.3,591.33
2021-06-25 10:20:00,567.27,560.23
2021-06-25 10:25:00,612.66,618.13
2021-06-25 10:30:00,593.36,499.09
2021-06-25 10:35:00,621.35,474.46
2021-06-25 10:40:00,407.08,535.67
2021-06-25 10:45:00,93.56,587.7
2021-06-25 10:50:00,624.19,498.56
2021-06-25 10:55:00,677.25,580.93
2021-06-25 11:00:00,660.67,582.21
2021-06-25 11:05:00,673.35,558.32
2021-06-25 11:10:00,669.75,568.15
2021-06-25 11:15:00,699.18,543.17
2021-06-25 11:20:00,537.84,485.7
2021-06-25 11:25:00,85.5,413.5
2021-06-25 11:30:00,14.22,567.01
2021-06-25 11:35:00,63.85,365.97
2021-06-25 11:40:00,237.82,398.54
2021-06-25 11:45:00,657.05,440.74
2021-06-25 11:50:00,648.46,565.01
2021-06-25 11:55:00,654.26,585.07
2021-06-25 12:00:00,642.13,564.35
2021-06-25 12:05:00,553.48,691.23
2021-06-25 12:10:00,637.77,655.19
2021-06-25 12:15:00,615.2,576.73
2021-06-25 12:20:00,619.16,709.14
2021-06-25 12:25:00,602.04,635.63
2021-06-25 12:30:00,623.74,626.91
2021-06-25 12:35:00,637.63,639.51
2021-06-25 12:40:00,640.57,539.87
2021-06-25 12:45:00,606.81,540.68
2021-06-25 12:50:00,644.16,486.57
2021-06-25 12:55:00,597.17,583.84
2021-06-25 13:00:00,603.02,574.71
2021-06-25 13:05:00,586.17,582.05
2021-06-25 13:10:00,422.3,457.82
2021-06-25 13:15:00,493.42,373.05
2021-06-25 13:20:00,301.92,409.95
2021-06-25 13:25:00,242.92,358.54
2021-06-25 13:30:00,282.35,294.57
2021-06-25 13:35:00,388.68,472.95
2021-06-25 13:40:00,403.78,461.39
2021-06-25 13:45:00,585.88,551.57
2021-06-25 13:50:00,218.15,480.03
2021-06-25 13:55:00,204.44,350.46
2021-06-25 14:00:00,22.68,286.09
2021-06-25 14:05:00,493.77,211.91
2021-06-25 14:10:00,429.54,346.81
2021-06-25 14:15:00,485.82,376.05
2021-06-25 14:20:00,586.18,426.06
2021-06-25 14:25:00,593.27,468.15
2021-06-25 14:30:00,563.13,519.91
2021-06-25 14:35:00,544.71,514.36
2021-06-25 14:40:00,535.95,470.47
2021-06-25 14:45:00,519.56,494.42
2021-06-25 14:50:00,536.23,467.77
2021-06-25 14:55:00,547.08,515.31
2021-06-25 15:00:00,444.65,452.44
2021-06-25 15:05:00,439.92,435.6
2021-06-25 15:10:00,509.08,420.81
2021-06-25 15:15:00,498.69,490.58
2021-06-25 15:20:00,488.08,437.75
2021-06-25 15:25:00,407.82,519.18
2021-06-25 15:30:00,324.51,521.69
2021-06-25 15:35:00,210.79,501.68
2021-06-25 15:40:00,361.44,329.61
2021-06-25 15:45:00,124.22,378.12
2021-06-25 15:50:00,28.96,45.75
2021-06-25 15:55:00,8.24,-49.48
2021-06-25 16:00:00,20.26,69.36
2021-06-25 16:05:00,1.73,10.41
2021-06-25 16:10:00,3.56,-4.41
2021-06-25 16:15:00,3.66,-34.76
2021-06-25 16:20:00,1.88,-11.69
2021-06-25 16:25:00,1.94,7.94
2021-06-25 16:30:00,2.0,-5.54
2021-06-25 16:35:00,2.07,-33.7
2021-06-25 16:40:00,2.14,-4.83
2021-06-25 16:45:00,2.21,-63.84
2021-06-25 16:50:00,2.3,-4.16
2021-06-25 16:55:00,2.39,-6.86
2021-06-25 17:00:00,2.48,-22.33
2021-06-25 17:05:00,2.59,10.0
2021-06-25 17:10:00,2.71,49.02
2021-06-25 17:15:00,0.0,31.64
2021-06-25 17:20:00,2.98,32.0
2021-06-25 17:25:00,3.14,37.4
2021-06-25 17:30:00,3.31,17.38
2021-07-01 09:10:00,106.91,279.15
2021-07-01 09:15:00,587.14,335.04
2021-07-01 09:20:00,581.55,327.5
2021-07-01 09:25:00,612.95,307.05
2021-07-01 09:30:00,10.85,430.63
2021-07-01 09:35:00,66.69,218.83
2021-07-01 09:40:00,623.78,188.43
2021-07-01 09:45:00,635.42,223.16
2021-07-01 09:50:00,569.9,530.24
2021-07-01 09:55:00,568.62,380.41
2021-07-01 10:00:00,708.63,460.24
2021-07-01 10:05:00,34.65,471.6
2021-07-01 10:10:00,167.3,279.92
2021-07-01 10:15:00,677.83,494.51
2021-07-01 10:20:00,515.48,545.55
2021-07-01 10:25:00,661.9,539.99
2021-07-01 10:30:00,690.46,614.87
2021-07-01 10:35:00,699.67,566.52
2021-07-01 10:40:00,688.89,706.16
2021-07-01 10:45:00,37.93,481.63
2021-07-01 10:50:00,76.49,451.82
2021-07-01 10:55:00,8.34,363.53
2021-07-01 11:00:00,353.78,453.12
2021-07-01 11:05:00,9.3,436.62
2021-07-01 11:10:00,727.46,392.76
2021-07-01 11:15:00,723.85,475.01
2021-07-01 11:20:00,624.47,703.98
2021-07-01 11:25:00,709.38,489.64
2021-07-01 11:30:00,12.2,494.55
2021-07-01 11:35:00,773.23,406.76
2021-07-01 11:40:00,8.1,382.21
2021-07-01 11:45:00,698.16,402.03
2021-07-01 11:50:00,63.69,443.44
2021-07-01 11:55:00,462.78,328.69
2021-07-01 12:00:00,345.53,228.44
2021-07-01 12:05:00,36.38,182.04
2021-07-01 12:10:00,9.1,147.33
2021-07-01 12:15:00,12.15,320.76
2021-07-01 12:20:00,68.93,326.41
2021-07-01 12:25:00,595.08,455.31
2021-07-01 12:30:00,610.61,498.46
2021-07-01 12:35:00,645.83,419.28
2021-07-01 12:40:00,671.26,441.06
2021-07-01 12:45:00,399.37,388.37
2021-07-01 12:50:00,687.32,356.3
2021-07-01 12:55:00,514.24,354.28
2021-07-01 13:00:00,249.44,378.84
2021-07-01 13:05:00,203.66,306.43
2021-07-01 13:10:00,304.48,273.0
2021-07-01 13:15:00,134.1,197.17
2021-07-01 13:20:00,281.53,210.1
2021-07-01 13:25:00,519.69,224.41
2021-07-01 13:30:00,351.02,433.37
2021-07-01 13:35:00,144.26,246.45
2021-07-01 13:40:00,314.83,264.84
2021-07-01 13:45:00,469.52,186.74
2021-07-01 13:50:00,141.19,220.99
2021-07-01 13:55:00,132.38,258.55
2021-07-01 14:00:00,0.0,214.31
2021-07-01 14:05:00,9.15,176.11
2021-07-01 14:10:00,138.73,276.5
2021-07-01 14:15:00,412.59,336.18
2021-07-01 14:20:00,574.58,339.27
2021-07-01 14:25:00,607.81,361.35
2021-07-01 14:30:00,599.67,338.72
2021-07-01 14:35:00,717.96,323.15
2021-07-01 14:40:00,700.35,418.39
2021-07-01 14:45:00,518.5,427.33
2021-07-01 14:50:00,587.57,346.65
2021-07-01 14:55:00,19.5,384.62
2021-07-01 15:00:00,158.44,439.71
2021-07-01 15:05:00,630.8,562.11
2021-07-01 15:10:00,636.15,295.49
2021-07-01 15:15:00,596.06,402.08
2021-07-01 15:20:00,594.33,509.31
2021-07-01 15:25:00,637.45,486.86
2021-07-01 15:30:00,541.29,466.2
2021-07-01 15:35:00,504.42,630.27
2021-07-01 15:40:00,473.82,372.63
2021-07-01 15:45:00,529.81,243.8
2021-07-01 15:50:00,513.17,431.61
2021-07-01 15:55:00,556.66,275.58
2021-07-01 16:00:00,548.62,407.09
2021-07-01 16:05:00,362.54,268.07
2021-07-01 16:10:00,469.77,346.53
2021-07-01 16:15:00,266.03,218.18
2021-07-01 16:20:00,97.5,327.17
2021-07-01 16:25:00,83.06,184.62
2021-07-01 16:30:00,101.61,94.64
2021-07-01 16:35:00,191.36,98.17
2021-07-01 16:40:00,68.09,209.15
2021-07-01 16:45:00,26.45,225.62
2021-07-01 16:50:00,256.01,173.96
2021-07-01 16:55:00,33.25,108.18
2021-07-01 17:00:00,9.89,172.49
2021-07-01 17:05:00,131.45,146.75
2021-07-01 17:10:00,13.47,78.83
2021-07-01 17:15:00,8.46,261.99
2021-07-01 17:20:00,8.88,156.47
2021-07-01 17:25:00,6.23,69.06
2021-07-01 17:30:00,6.58,74.55
